name,rating,studio,genre,actor1,actor2,actor3,writer,director,date,origin,Washington Post,Chicago Sun-Times,The New York Times,LA Weekly,Los Angeles Times,Rolling Stone,Wall Street Journal,Entertainment Weekly,Empire,Variety,Salon.com,The Onion (A.V. Club),TV Guide,Slate,metascore,numReviews,Worldwide Gross
Titanic,PG,Paramount Pictures,Romance,Leonardo DiCaprio,Kate Winslet,Billy Zane,James Cameron,James Cameron,1999,USA,60,100,100,,30,,,100,,90,20,90,70,50,74,11,1835300000
The Lord of the Rings: The Return of the King,PG,New Line Cinema,Action,Elijah Wood,Sean Astin,Ian McKellen,Frances Walsh,Peter Jackson,2004,USA / New Zealand,90,88,100,100,100,88,100,100,100,100,90,90,70,100,94,15,1129219252
Pirates of the Caribbean: Dead Man's Chest,PG,Buena Vista Pictures / Walt Disney Studios,Action,Johnny Depp,Orlando Bloom,Keira Knightley,Ted Elliott,Gore Verbinski,2006,USA,50,,50,40,50,75,60,33,60,50,60,58,63,50,53,14,1060332628
Harry Potter and the Sorcerer's Stone,PG,Warner Bros.,Fantasy,Daniel Radcliffe,Rupert Grint,Emma Watson,J.K. Rowling,Chris Columbus,2002,UK / USA,50,100,40,40,80,70,60,75,,90,60,,70,50,64,13,968657891
Pirates of the Caribbean: At World's End,PG,Buena Vista Pictures,Action,Johnny Depp,Geoffrey Rush,Orlando Bloom,Ted Elliott,Gore Verbinski,2007,USA,70,,70,,70,50,40,50,60,60,40,42,63,60,50,13,958404152
Harry Potter and the Order of the Phoenix,PG,Warner Bros.,Adventure,Daniel Radcliffe,Rupert Grint,Emma Watson,J.K. Rowling,David Yates,2007,UK / USA,80,63,70,,50,88,60,83,80,70,70,67,63,70,71,14,937000866
Star Wars: Episode I - The Phantom Menace,PG,20th Century Fox Film Corporation,Sci-fi,Liam Neeson,Ewan McGregor,Natalie Portman,George Lucas,George Lucas,2001,USA,40,88,80,60,50,,,67,,60,50,70,60,20,52,12,922379000
The Lord of the Rings: The Two Towers,PG,New Line Cinema,Fantasy,Elijah Wood,Ian McKellen,Viggo Mortensen,Frances Walsh,Peter Jackson,2003,USA / New Zealand,100,75,90,70,70,75,100,75,,90,90,100,60,70,88,14,921600000
Jurassic Park,PG,Universal Pictures,Suspense/Thriller,Sam Neill,Laura Dern,Jeff Goldblum,Michael Crichton,Steven Spielberg,2001,USA,60,75,70,,50,88,,91,100,70,,,70,,68,10,919700000
Harry Potter and the Goblet of Fire,PG,Warner Bros.,Adventure,Daniel Radcliffe,Emma Watson,Rupert Grint,Steven Kloves,Mike Newell,2006,UK / USA,80,88,80,60,90,75,90,67,60,90,90,80,75,100,81,15,892194397
Spider-Man 3,PG,Columbia Pictures / Sony Pictures Releasing,Action,Tobey Maguire,Kirsten Dunst,James Franco,Sam Raimi,Sam Raimi,2007,USA,30,50,50,40,50,75,60,67,60,50,80,67,75,70,59,15,885430303
Shrek 2,PG,DreamWorks Distribution LLC,Action,Mike Myers,Eddie Murphy,Cameron Diaz,J. David Stem,Andrew Adamson,2004,USA,40,75,70,90,80,88,90,91,80,90,80,60,70,90,75,15,880871036
Harry Potter and the Chamber of Secrets,PG,Warner Bros.,Fantasy,Daniel Radcliffe,Emma Watson,Rupert Grint,Steven Kloves,Chris Columbus,2003,USA,30,100,60,70,60,,80,83,,80,50,60,70,40,63,13,866300000
Finding Nemo,G,Walt Disney Pictures,Family/Kids,Albert Brooks,Alexander Gould,Ellen DeGeneres,Andrew Stanton,Andrew Stanton,2003,USA,90,100,90,100,80,88,90,100,,80,70,80,70,90,89,14,865000000
The Lord of the Rings: The Fellowship of the Ring,PG,New Line Cinema,Fantasy,Elijah Wood,Ian McKellen,Viggo Mortensen,Frances Walsh,Peter Jackson,2002,New Zealand / USA,100,75,90,100,100,100,100,100,,90,100,,70,100,92,13,860700000
Star Wars: Episode III - Revenge of the Sith,PG,Twentieth Century Fox Film Corp.,Action,Ewan McGregor,Natalie Portman,Hayden Christensen,George Lucas,George Lucas,2005,USA,50,88,90,90,70,50,60,67,80,90,40,70,70,60,68,15,848462555
Independence Day,PG,20th Century Fox,Action,Bill Pullman,Mary McDonnell,Jeff Goldblum,Roland Emmerich,Roland Emmerich,2004,USA,30,63,80,,80,,,83,100,50,30,,80,,59,10,811200000
Spider-Man,PG,Columbia Pictures / Sony Pictures Entertainment,Suspense/Thriller,Tobey Maguire,Willem Dafoe,Kirsten Dunst,David Koepp,Sam Raimi,2002,USA,80,63,80,50,70,90,80,75,,70,90,90,70,70,73,14,806700000
Star Wars,PG,20th Century Fox,Action,Mark Hamill,Harrison Ford,Carrie Fisher,George Lucas,George Lucas,2004,USA,80,100,80,,,,,,,100,,,90,,91,6,797900000
Shrek the Third,PG,DreamWorks Distribution,Animation,Mike Myers,Eddie Murphy,Cameron Diaz,Jeffrey Price,Chris Miller,2007,USA,50,63,80,,50,50,50,67,40,80,70,25,50,,58,13,791106665
Harry Potter and the Prisoner of Azkaban,PG,Warner Bros.,Adventure,Daniel Radcliffe,Emma Watson,Rupert Grint,Steven Kloves,Alfonso Cuaron,2004,USA,40,88,80,90,80,88,90,83,60,70,100,70,60,80,81,15,789458727
Spider-Man 2,PG,Columbia Pictures / Sony Pictures Entertainment,Action,Tobey Maguire,Kirsten Dunst,James Franco,Alvin Sargent,Sam Raimi,2004,USA,90,100,90,80,80,88,90,100,80,100,40,100,80,90,83,15,783577893
The Lion King,G,Disney,Musical,Rowan Atkinson,Matthew Broderick,Jim Cummings,Irene Mecchi,Roger Allers,2003,USA,50,88,,,,100,,91,,80,,,60,,84,7,783400000
The Da Vinci Code,PG,Columbia Pictures / Sony Pictures Releasing,Drama,Tom Hanks,Audrey Tautou,Ian McKellen,Akiva Goldsman,Ron Howard,2006,USA,50,75,50,50,60,25,20,58,40,50,50,58,50,50,46,15,757236138
E.T. the ExtriTerrestrial,PG,Universal Pictures,Sci-fi,Dee Wallace-Stone,Henry Thomas,Peter Coyote,Melissa Mathison,Steven Spielberg,2002,USA,100,100,100,90,100,80,,100,,100,100,100,80,,94,12,756700000
The Chronicles of Narnia: The Lion the Witch and the Wardrobe,PG,Buena Vista Pictures,Action,Georgie Henley,Skandar Keynes,William Moseley,Ann Peacock,Andrew Adamson,2006,USA,90,75,80,90,90,63,70,75,60,80,90,80,75,90,75,15,738809845
The Matrix Reloaded,R,Warner Bros.,Suspense/Thriller,Keanu Reeves,Laurence Fishburne,Carrie-Anne Moss,Andy Wachowski,Andy Wachowski,2003,USA,60,88,70,40,60,75,60,75,,90,80,50,60,30,63,14,735600000
Transformers,PG,Paramount Pictures,Action,Shia LaBeouf,Megan Fox,Josh Duhamel,John Rogers,Michael Bay,2007,USA,70,75,50,80,40,,70,67,80,90,,42,50,70,61,13,700759914
Forrest Gump,PG,Paramount Pictures,Drama,Tom Hanks,Robin Wright,Gary Sinise,Winston Groom,Robert Zemeckis,2001,USA,80,100,70,,70,90,,50,,90,,,60,,82,9,679400000
The Sixth Sense,PG,Buena Vista Pictures,Suspense/Thriller,Bruce Willis,Haley Joel Osment,Toni Collette,M. Night Shyamalan,M. Night Shyamalan,2000,USA,70,75,20,80,80,,,83,,60,30,80,40,70,64,12,661500000
Pirates of the Caribbean: The Curse of the Black Pearl,PG,The Walt Disney Company / Buena Vista Pictures,Adventure,Johnny Depp,Geoffrey Rush,Orlando Bloom,Ted Elliott,Gore Verbinski,2003,USA,30,75,70,20,30,50,50,50,,60,70,90,50,60,64,14,653200000
Star Wars: Episode II - Attack of the Clones,PG,20th Century Fox Film Corporation,Sci-fi,Ewan McGregor,Natalie Portman,Hayden Christensen,George Lucas,George Lucas,2002,USA,20,50,40,50,50,70,30,58,,90,20,40,50,50,53,14,648200000
The Incredibles,PG,Buena Vista Pictures,Action,Craig T. Nelson,Holly Hunter,Samuel L. Jackson,Brad Bird,Brad Bird,2005,USA,90,88,80,100,100,88,100,100,80,100,100,80,70,90,90,15,624037578
Ice Age: The Meltdown,PG,Twentieth Century Fox Film Corporation,Animation,Ray Romano,John Leguizamo,Denis Leary,Jon Vitti,Carlos Saldanha,2006,USA,50,63,50,70,,,50,83,60,60,,50,75,,58,11,623829763
Ratatouille,G,Buena Vista Pictures,Animation,Patton Oswalt,Ian Holm,Lou Romano,Brad Bird,Brad Bird,2007,USA,90,100,100,,100,88,100,75,100,100,100,91,88,,96,13,615935493
The Lost World: Jurassic Park,PG,MCA/Universal Pictures,Action,Jeff Goldblum,Julianne Moore,Pete Postlethwaite,David Koepp,Steven Spielberg,2000,USA,70,50,60,60,70,,,,80,60,,,,60,59,9,614300000
The Passion of the Christ,R,Newmarket Film Group,Drama,James Caviezel,Maia Morgenstern,Monica Bellucci,Mel Gibson,Mel Gibson,2004,USA,50,100,40,90,50,75,40,75,60,80,50,20,60,20,47,15,604370943
War of the Worlds,PG,Paramount Pictures,Action,Tom Cruise,Justin Chatwin,Dakota Fanning,Josh Friedman,Steven Spielberg,2005,USA,70,50,70,80,100,75,90,91,80,90,20,70,60,90,73,15,591377056
Casino Royale,PG,Columbia Pictures / Sony Pictures Entertainment,Action,Daniel Craig,Eva Green,Mads Mikkelsen,Neal Purvis,Martin Campbell,2007,USA / UK / Czech Republic,80,100,80,90,70,88,80,100,80,80,90,75,75,80,81,15,587607184
Men in Black,PG,Columbia Tristar,Sci-fi,Tommy Lee Jones,Will Smith,Linda Fiorentino,Ed Solomon,Barry Sonnenfeld,2002,USA,60,75,80,70,70,80,,58,,60,80,60,60,90,71,13,587200000
Star Wars: Episode VI - Return of the Jedi,PG,20th Century Fox Film Corporation,Action,Mark Hamill,Harrison Ford,Carrie Fisher,George Lucas,Richard Marquand,2004,USA,60,100,20,,,,,83,,40,,,70,,52,7,572700000
Night at the Museum,PG,Twentieth Century-Fox Film Corporation,Action,Ben Stiller,Carla Gugino,Robin Williams,Ben Garant,Shawn Levy,2007,USA,70,,40,,40,,,58,40,40,,33,50,,48,9,571063268
Armageddon,PG,Touchstone Pictures,Suspense/Thriller,Bruce Willis,Billy Bob Thornton,Ben Affleck,Jonathan Hensleigh,Michael Bay,1999,USA,0,25,50,70,40,0,,50,,20,,40,50,70,42,12,554600000
King Kong,PG,Universal Pictures,Action,Naomi Watts,Jack Black,Adrien Brody,Peter Jackson,Peter Jackson,2006,New Zealand / USA,100,100,100,60,90,100,70,100,100,90,80,90,100,90,81,15,547051260
Mission: Impossible II,PG,Paramount Pictures,Suspense/Thriller,Tom Cruise,Dougray Scott,Thandie Newton,Robert Towne,John Woo,2000,USA,80,75,60,80,80,80,,83,,30,50,,60,70,60,12,545300000
Star Wars: Episode V - The Empire Strikes Back,PG,20th Century Fox,Action,Mark Hamill,Harrison Ford,Carrie Fisher,George Lucas,Irvin Kershner,2004,USA,60,100,40,,,,,100,,80,,,80,,78,7,533800000
Monsters Inc,G,Buena Vista Pictures,Family/Kids,Billy Crystal,John Goodman,James Coburn,Dan Gerson,Peter Docter,2002,USA,60,75,90,100,60,100,90,75,,70,70,,60,70,78,13,528900000
The Day After Tomorrow,PG,20th Century Fox Film Corporation,Action,Dennis Quaid,Jake Gyllenhaal,Emmy Rossum,Roland Emmerich,Roland Emmerich,2004,USA,30,75,50,80,40,25,40,58,80,70,40,30,40,30,48,15,527939919
The Simpsons Movie,PG,20th Century Fox,Animation,Dan Castellaneta,Julie Kavner,Nancy Cartwright,Matt Groening,David Silverman,2007,USA,100,75,90,90,80,63,80,83,40,80,80,83,75,80,80,15,525532370
Ghost,R,Paramount Pictures,Romance,Patrick Swayze,Demi Moore,Whoopi Goldberg,Bruce Joel Rubin,Jerry Zucker,2001,USA,50,63,60,,40,38,,,80,50,,,60,,52,9,517600000
Terminator 2: Judgment Day,R,Corolco Pictures,Suspense/Thriller,Arnold Schwarzenegger,Linda Hamilton,Edward Furlong,James Cameron,James Cameron,2003,USA,80,88,30,,100,38,,,80,80,,,70,,65,9,516800000
Indiana Jones and the Last Crusade,PG,Paramount Pictures,Adventure,Harrison Ford,Sean Connery,Denholm Elliott,George Lucas,Steven Spielberg,1990,USA,40,88,90,,60,,,,,90,,,50,,65,7,494800000
Twister,PG,Warner Bros.,Action,Helen Hunt,Bill Paxton,Cary Elwes,Michael Crichton,Jan de Bont,1997,USA,40,63,80,,80,,,75,80,70,,,60,,68,9,494700000
Toy Story 2,G,Walt Disney Pictures,Family/Kids,Tom Hanks,Tim Allen,Don Rickles,John Lasseter,Ash Brannon,2001,USA,100,75,90,100,100,,,100,,90,90,,60,,87,10,485700000
Troy,R,Warner Bros.,Action,Brad Pitt,Eric Bana,Orlando Bloom,David Benioff,Wolfgang Petersen,2005,USA,70,50,60,30,50,75,30,50,60,60,40,30,50,50,56,15,481228348
Saving Private Ryan,R,DreamWorks Distribution,War,Tom Hanks,Tom Sizemore,Edward Burns,Robert Rodat,Steven Spielberg,1999,USA,80,100,100,80,80,,,100,,100,80,100,80,90,90,12,479300000
Charlie and the Chocolate Factory,PG,Warner Bros.,Adventure,Johnny Depp,Freddie Highmore,David Kelly,John August,Tim Burton,2005,USA / UK,30,75,80,80,70,75,50,100,80,70,80,70,60,90,72,15,471856431
Jaws,PG,Universal Pictures,Adventure,Roy Scheider,Robert Shaw,Richard Dreyfuss,Peter Benchley,Steven Spielberg,2000,USA,,100,80,,,,,100,100,90,,,80,,79,7,470600000
Pretty Woman,R,Buena Vista Pictures,Romance,Richard Gere,Julia Roberts,Ralph Bellamy,J.F. Lawton,Garry Marshall,2003,USA,70,88,90,,30,,,25,80,70,,,50,,51,9,463400000
Bruce Almighty,PG,Universal Pictures,Fantasy,Jim Carrey,Jennifer Aniston,Morgan Freeman,Steve Koren,Tom Shadyac,2003,USA,20,75,60,60,50,,50,67,,50,40,0,30,50,46,13,458900000
300,R,Warner Bros. Pictures,Action,Gerard Butler,Lena Headey,Dominic West,Zack Snyder,Zack Snyder,2007,USA,30,,30,,50,75,30,75,60,60,40,50,75,40,51,13,456592590
The Matrix,R,Warner Bros.,Suspense/Thriller,Keanu Reeves,Laurence Fishburne,Carrie-Anne Moss,Andy Wachowski,Andy Wachowski,1999,USA,80,75,70,90,90,,,58,,70,70,90,80,80,73,12,456300000
Gladiator,R,DreamWorks,Drama,Russel Crowe,Joaquin Phoenix,Connie Nielson,David H. Franzoni,Ridley Scott,2000,USA,30,50,60,60,60,90,,91,,80,40,,70,40,64,12,456200000
X-Men: The Last Stand,PG,Twentieth Century Fox Film Corporation,Action,Patrick Stewart,Hugh Jackman,Ian McKellen,Zak Penn,Brett Ratner,2006,USA,50,75,50,40,70,50,80,67,60,70,60,58,63,50,58,15,455260014
Shrek,PG,DreamWorks Distribution L.L.C.,Fantasy,Mike Myers,Eddie Murphy,Cameron Diaz,William Steig,Andrew Adamson,2001,USA,100,100,80,80,90,90,90,91,,100,60,,80,,84,12,455100000
Cars,G,Buena Vista Pictures,Animation,Owen Wilson,Bonnie Hunt,Paul Newman,Dan Fogelman,John Lasseter,2006,USA,80,75,40,80,90,88,50,91,60,70,60,83,88,90,73,15,454752771
Mission: Impossible,PG,Paramount Pictures,Action,Tom Cruise,Jon Voight,Emmanuelle Beart,Bruce Geller,Brian De Palma,1998,USA,30,75,80,,,,,75,100,70,90,,50,,60,9,452500000
Pearl Harbor,PG,Buena Vista Pictures,War,Ben Affleck,Josh Hartnett,Kate Beckinsale,Randall Wallace,Michael Bay,2001,USA,30,38,60,40,100,40,10,67,,30,50,,50,40,44,13,450400000
Ocean's Eleven,PG,Warner Bros.,Crime,George Clooney,Brad Pitt,Julia Roberts,Ted Griffin,Steven Soderbergh,2002,USA,80,75,80,80,80,90,90,100,,80,80,,60,70,74,13,444200000
The Bourne Ultimatum,PG,Universal Picture,Action,Matt Damon,Julia Stiles,Chris Cooper,Robert Ludlum,Paul Greengrass,2007,USA,60,88,100,80,90,88,,91,100,90,100,91,88,100,85,14,440725045
The Last Samurai,R,Warner Bros.,Action,Tom Cruise,Billy Connolly,Tony Goldwyn,John Logan,Edward Zwick,2004,USA / New Zealand / Japan,30,88,60,60,70,50,50,75,100,50,30,50,60,60,55,15,435400000
Tarzan,G,Walt Disney Pictures,Family/Kids,Tony Goldwyn,Minnie Driver,Glenn Close,Tab Murphy,Chris Buck,2000,USA,80,100,90,90,90,75,,91,,80,,60,50,60,79,12,435200000
Meet the Fockers,PG,Universal Pictures,Comedy,Robert De Niro,Ben Stiller,Dustin Hoffman,John Hamburg,Jay Roach,2005,USA,10,50,60,40,70,,40,67,40,50,50,20,40,50,41,14,432667575
Mr. & Mrs. Smith,PG,Twentieth Century Fox Film Corp.,Action,Brad Pitt,Angelina Jolie,Adam Brody,Simon Kinberg,Doug Liman,2005,USA,40,75,40,50,70,50,60,67,80,60,70,80,50,70,55,15,427936103
Men in Black II,PG,Columbia Pictures / Sony Pictures Entertainment,Sci-fi,Tommy Lee Jones,Will Smith,Rip Torn,Robert Gordon,Barry Sonnenfeld,2002,USA,30,38,60,40,40,70,60,58,,60,40,50,50,0,49,14,425600000
Die Another Day,PG,Metro-Goldwyn-Mayer,Suspense/Thriller,Pierce Brosnan,Halle Berry,Toby Stephens,Neal Purvis,Lee Tamahori,2003,UK / USA,50,75,70,80,50,75,30,91,,50,70,50,50,70,56,14,424700000
Dances with Wolves,PG,Orion Pictures,Western,Kevin Costner,Mary McDonnell,Graham Greene,Michael Blake,Kevin Costner,1998,USA,90,100,40,,100,,,50,80,90,,,50,,72,9,424200000
Cast Away,PG,20th Century Fox Film Corporation,Drama,Tom Hanks,Helen Hunt,Christopher Noth,William Broyles Jr.,Robert Zemeckis,2001,USA,80,75,80,70,60,,,91,,70,80,,70,60,73,11,424000000
The Matrix Revolutions,R,Warner Bros.,Action,Keanu Reeves,Laurence Fishburne,Carrie-Anne Moss,Andy Wachowski,Andy Wachowski,2004,USA,30,75,40,50,50,50,20,58,60,50,50,40,60,40,48,15,424000000
Mrs. Doubtfire,PG,Twentieth Century Fox Film Corporation,Comedy,Robin Williams,Sally Field,Pierce Brosnan,Randi Mayem Singer,Chris Columbus,2003,USA,60,63,50,,50,,,75,80,90,,,63,,53,9,423200000
The Mummy Returns,PG,Universal Pictures,Suspense/Thriller,Brendan Fraser,Rachel Weisz,John Hannah,Stephen Sommers,Stephen Sommers,2001,USA,30,50,50,40,70,20,40,58,,70,50,,50,50,48,13,418700000
Terminator 3: Rise of the Machines,R,Warner Bros.,Suspense/Thriller,Arnold Schwarzenegger,Nick Stahl,Claire Danes,John D. Brancato,Jonathan Mostow,2003,USA / UK / Germany / Japan / Australia,40,63,60,90,80,75,70,83,,90,70,70,60,50,66,14,418200000
The Mummy,PG,Universal Pictures,Suspense/Thriller,Brendan Fraser,Rachel Weisz,John Hannah,Stephen Sommers,Stephen Sommers,2000,USA,30,75,50,60,50,,,67,,30,30,50,60,40,48,12,413300000
Batman,PG,Warner Bros.,Sci-fi,Michael Keaton,Jack Nicholson,Kim Basinger,Bob Kane,Tim Burton,1997,USA,80,50,40,,30,,,,80,80,,,60,,66,8,413200000
Rain Man,R,United Artists,Drama,Dustin Hoffman,Tom Cruise,Valeria Golino,Ronald Bass,Barry Levinson,2000,USA,30,88,60,,90,,90,,,70,,,70,,65,8,412800000
Signs,PG,Touchstone Pictures,Suspense/Thriller,Mel Gibson,Joaquin Phoenix,Rory Culkin,M. Night Shyamalan,M. Night Shyamalan,2003,USA,50,100,50,70,60,80,80,67,,60,50,70,40,50,59,14,407900000
Madagascar,PG,DreamWorks Distribution LLC,Adventure,Ben Stiller,Chris Rock,David Schwimmer,Mark Burton,Eric Darnell,2005,USA,30,63,40,40,70,50,50,91,60,60,,70,60,,57,13,406800000
X2: X-Men United,PG,The 20th Century Fox Film Corporation,Suspense/Thriller,Patrick Stewart,Hugh Jackman,Ian McKellen,Daniel P. Harris,Bryan Singer,2003,USA,30,75,70,50,80,75,40,83,,80,70,80,70,80,68,14,406400000
Mission: Impossible III,PG,Paramount Pictures,Action,Tom Cruise,Philip Seymour Hoffman,Ving Rhames,Alex Kurtzman,J.J. Abrams,2006,USA,70,63,50,70,70,75,70,83,60,70,50,83,75,60,66,15,395382309
Superman Returns,PG,Warner Bros. Pictures,Action,Brandon Routh,Kevin Spacey,Kate Bosworth,Michael Dougherty,Bryan Singer,2006,USA,70,50,50,100,60,75,80,75,100,90,90,75,63,60,72,15,389569408
Raiders of the Lost Ark,PG,Paramount Pictures,Action,Harrison Ford,Karen Allen,Paul Freeman,George Lucas,Steven Spielberg,2003,USA,,100,100,,,,,,,100,,90,90,,90,6,383900000
Grease,PG,Paramount Pictures,Comedy,John Travolta,Olivia Newton-John,SStockard Channing,Jim Jacobs,Randal Kleiser,2006,USA,,75,90,,,,,,100,90,,91,75,,70,7,379800000
Happy Feet,PG,Warner Bros. Pictures,Adventure,Robin Williams,Hugh Jackman,Elijah Wood,Warren Coleman,George Miller,2007,Australia / USA,90,,70,80,80,,70,75,60,80,,91,63,,77,11,378992827
Beauty and the Beast ,No,Cowboy Pictures,Fantasy,Jean Marais,Josette Day,Mila Parely,Jean Cocteau,Jean Cocteau,1998,France,,100,,,,,,,,,,,100,,92,3,378300000
Ice Age,PG,20th Century Fox Film Corporation,Family/Kids,Ray Romano,John Leguizamo,Denis Leary,Michael Berg,Chris Wedge,2002,USA,80,75,40,40,40,,60,83,,70,,50,80,,60,11,378300000
Live Free or Die Hard,PG,Twentieth Century-Fox Film Corporation,Action,Bruce Willis,Timothy Olyphant,Justin Long,Mark Bomback,Len Wiseman,2007,USA,70,,70,80,80,63,80,75,60,80,70,58,63,90,69,14,377520804
Godzilla,PG,Sony Pictures Entertainment,Suspense/Thriller,Matthew Broderick,Jean Reno,Maria Pitillo,Dean Devlin,Roland Emmerich,2002,USA,10,38,50,,90,,,58,40,60,70,10,40,50,32,12,375800000
Click,PG,Sony Pictures Releasing,Comedy,Adam Sandler,Kate Beckinsale,Christopher Walken,Steve Koren,Frank Coraci,2006,USA,20,50,30,60,,25,10,50,60,40,40,50,50,70,45,14,373040146
What Women Want,PG,Paramount Pictures,Romance,Mel Gibson,Helen Hunt,Marisa Tomei,Josh Goldsmith,Nancy Meyers,2001,USA,50,75,50,50,40,,,75,,60,20,,40,50,47,11,370800000
Hitch,PG,Columbia Pictures / Sony Pictures Entertainment,Comedy,Will Smith,Eva Mendes,Kevin James,Kevin Bisch,Andy Tennant,2005,USA,70,63,60,50,70,50,80,50,,50,70,70,60,,58,13,367600000
True Lies,R,Twentieth Century Fox Film Corporation,Action,Arnold Schwarzenegger,Jamie Lee Curtis,Tom Arnold,James Cameron,James Cameron,1999,USA,50,75,90,,80,,,83,80,40,,,88,,63,9,365200000
Die Hard: With a Vengeance,R,Twentieth Century Fox Film Corp.,Action,Bruce Willis,Jeremy Irons,Samuel L. Jackson,Jonathan Hensleigh,John McTiernan,2001,USA,60,75,60,,50,75,,58,100,50,,,63,,58,10,365000000
Notting Hill,PG,Universal Pictures,Romance,Julia Roberts,Hugh Grant,Rhys Ifans,Richard Curtis,Roger Michell,1999,UK / USA,80,75,70,50,70,,,91,,80,30,70,70,80,66,12,363000000
Jurassic Park III,PG,Universal Pictures,Sci-fi,Sam Neill,Tea Leoni,William H. Macy,Peter Buchman,Joe Johnston,2001,USA,20,75,40,40,60,20,40,50,,30,70,,50,,42,12,362900000
There's Something About Mary,R,20th Century Fox Film Corporation,Comedy,Cameron Diaz,Matt Dillon,Ben Stiller,Ed Decter,Bobby Farrelly,2001,USA,60,75,80,80,80,100,,50,,70,60,90,60,90,69,13,360000000
Planet of the Apes,PG,20th Century Fox Film Corporation,Sci-fi,Mark Wahlberg,Tim Roth,Helena Bonham Carter,Pierre Boulle,Tim Burton,2001,USA,40,63,40,50,40,50,10,58,,40,70,,50,40,50,13,358900000
The Flintstones,PG,Universal Pictures,Comedy,John Goodman,Elizabeth Perkins,Rick Moranis,Tom S. Parker,Brian Levant,2002,USA,10,63,70,,50,,,75,40,60,,,63,,38,9,358500000
Toy Story,G,Buena Vista Pictures,Family/Kids,Tom Hanks,Tim Allen,Don Rickles,Joss Whedon,John Lasseter,2005,USA,90,88,100,,100,,,100,,90,,,70,,91,8,358100000
Minority Report,PG,DreamWorks Distribution LLC,Suspense/Thriller,Tom Cruise,Max von Sydow,Steve Harris,Scott Frank,Steven Spielberg,2002,USA,80,100,70,90,70,,60,75,,80,90,90,40,70,80,13,358000000
My Big Fat Greek Wedding,PG,IFC Films,Romance,Nia Vardalos,John Corbett,Lainie Kazan,Nia Vardalos,Joel Zwick,2003,USA,80,75,60,60,40,90,,25,,60,40,50,70,80,62,13,356500000
Basic Instinct,R,TriStar Pictures,Suspense/Thriller,Michael Douglas,Sharon Stone,Jeanne Tripplehorn,Joe Eszterhas,Paul Verhoeven,2001,USA,20,50,30,,40,75,,67,40,90,,,50,,34,10,352700000
Batman Begins,PG,Warner Bros.,Action,Christian Bale,Michael Caine,Liam Neeson,Christopher Nolan,Christopher Nolan,2005,USA,50,100,90,80,90,75,70,100,80,70,40,100,60,70,70,15,352000000
GoldenEye,PG,MGM / UA,Action,Pierce Brosnan,Sean Bean,Izabella Scorupco,Jeffrey Caine,Martin Campbell,2002,UK / USA,70,75,50,,70,,,58,80,80,,,75,,65,9,351500000
Ocean's Twelve,PG,Warner Bros.,Action,George Clooney,Brad Pitt,Matt Damon,George Nolfi,Steven Soderbergh,2005,USA,20,75,70,80,50,50,20,33,60,70,70,70,40,20,58,15,351331634
Seven (Se7en),R,New Line Cinema,Suspense/Thriller,Morgan Freeman,Brad Pitt,Kevin Spacey,Andrew Kevin Walker,David Fincher,2000,USA,70,88,30,,70,70,,75,,90,,,70,,65,9,350100000
Hannibal,R,Universal Pictures,Suspense/Thriller,Anthony Hopkins,Julianne Moore,Giancarlo Giannini,Thomas Harris,Ridley Scott,2001,USA,60,63,50,40,50,90,60,83,,80,0,,60,50,57,13,349200000
Who Framed Roger Rabbit,PG,Buena Vista Pictures,Noir,Bob Hoskins,Christopher Lloyd,Joanna Cassidy,Jeffrey Price,Robert Zemeckis,2003,USA,100,100,100,,100,,,,,60,,,60,,83,7,349200000
Deep Impact,PG,Paramount Pictures,Drama,Robert Duvall,Tea Leoni,Elijah Wood,Bruce Joel Rubin,Mimi Leder,2002,USA,10,63,70,10,60,,,67,,50,40,40,40,,40,11,348600000
Dinosaur,PG,Buena Vista Pictures,Family/Kids,Julianna Margulies,D.B. Sweeney,Joan Plowright,John Harrison,Eric Leighton,2001,USA,40,75,70,50,40,40,,83,,80,30,,40,,56,11,347800000
Pocahontas,G,Buena Vista Pictures,Animation,Irene Bedard,Mel Gibson,Christian Bale,Carl Binder,Mike Gabriel,2005,USA,20,75,80,,60,50,,50,40,90,,,75,,58,10,347100000
Tomorrow Never Dies,PG,MGM / UA,Action,Pierce Brosnan,Jonathan Pryce,Michelle Yeoh,Bruce Feirstein,Roger Spottiswoode,2002,UK / USA,60,75,60,70,60,,,58,80,70,50,60,50,,56,12,346600000
I Robot,PG,Twentieth Century Fox Film Corporation,Action,Will Smith,Bridget Moynahan,Alan Tudyk,Jeff Vintar,Alex Proyas,2004,USA,80,50,60,50,40,,50,67,80,50,50,60,60,50,59,14,342795350
National Treasure,PG,Buena Vista Pictures,Action,Nicolas Cage,Harvey Keitel,Jon Voight,Cormac Wibberley,Jon Turteltaub,2005,USA,30,50,20,50,50,25,20,50,,50,50,30,40,,39,13,337605002
Catch Me If You Can,PG,DreamWorks Distribution LLC,Drama,Leonardo DiCaprio,Tom Hanks,Christopher Walken,Jeff Nathanson,Steven Spielberg,2003,USA,100,75,90,80,70,50,70,75,,80,60,100,60,80,76,14,337400000
American Beauty,R,DreamWorks,Drama,Kevin Spacey,Annette Bening,Thora Birch,Alan Ball,Sam Mendes,2000,USA,90,100,90,80,90,100,,83,,90,60,,80,,86,11,336000000
Batman Forever,PG,Warner Bros.,Action,Val Kilmer,Tommy Lee Jones,Jim Carrey,Lee Batchler,Joel Schumacher,2005,USA,60,63,50,,70,75,,75,40,60,,,63,,51,10,335000000
Apollo 13,PG,MCA / Universal Pictures,Drama,Tom Hanks,Bill Paxton,Kevin Bacon,Jim Lovell & Jeffrey Kluger,Ron Howard,2005,USA,70,100,100,,60,90,,75,,70,,,70,,77,9,334100000
The Rock,R,Buena Vista Pictures,Action,Sean Connery,Nicolas Cage,Ed Harris,David Weisberg,Michael Bay,2001,USA,30,88,70,,50,88,,67,,70,,,40,,59,9,330500000
Over the Hedge,PG,Paramount Pictures,Animation,Bruce Willis,Garry Shandling,Steve Carell,Len Blum,Tim Johnson,2006,USA,70,75,40,70,50,,70,83,60,60,,91,88,,67,12,329619340
Fantastic Four,PG,Twentieth Century Fox Film Corp.,Action,Ioan Gruffudd,Michael Chiklis,Jessica Alba,Michael France,Tim Story,2005,USA / Germany,50,25,40,30,50,,30,50,40,50,50,50,40,30,40,14,329295569
Rush Hour 2,PG,New Line Cinema,Crime,Jackie Chan,Chris Tucker,Chris Penn,Ross LaManna,Brett Ratner,2001,USA,50,38,60,20,60,80,40,67,,80,50,,40,,48,12,329100000
The Perfect Storm,PG,Warner Bros.,Suspense/Thriller,George Clooney,Mark Wahlberg,Diane Lane,Sebastian Junger,Wolfgang Petersen,2000,USA,80,88,50,40,70,40,,58,,50,40,,60,30,59,12,327000000
The Devil Wears Prada,PG,Twentieth Century Fox Film Corporation,Comedy,Meryl Streep,Anne Hathaway,Emily Blunt,Aline Brosh McKenna,David Frankel,2006,USA,70,50,70,60,70,75,50,75,80,70,50,50,75,70,62,15,324432962
Schindler's List,R,MCA/Universal Pictures,War,Liam Neeson,Ben Kingsley,Ralph Fiennes,Steven Zaillian,Steven Spielberg,2004,USA,60,100,100,,90,80,100,100,100,100,,,100,,93,11,321200000
The Mask,PG,New Line Cinema,Action,Jim Carrey,Cameron Diaz,Peter Riegert,Mike Werb,Chuck Russell,1997,USA,50,75,30,,,75,,58,,80,,,,,56,7,320900000
Fatal Attraction,R,Paramount Pictures,Drama,Michael Douglas,Glenn Close,Anne Archer,Nicholas Meyer,Adrian Lyne,2002,USA,80,63,80,,70,,60,,80,90,,,75,,67,9,320100000
Lethal Weapon 3,R,Warner Bros. Pictures,Action,Mel Gibson,Danny Glover,Rene Russo,Robert Mark Kamen,Richard Donner,1997,USA,20,75,60,,30,0,0,58,60,70,,,50,,36,11,319700000
Air Force One,R,Columbia Pictures,Action,Harrison Ford,Gary Oldman,Glenn Close,Andrew W. Marlowe,Wolfgang Petersen,1998,USA,80,63,80,60,100,88,,100,80,80,0,,50,10,61,13,315000000
As Good As It Gets,PG,Sony Pictures Entertainment,Romance,Jack Nicholson,Helen Hunt,Greg Kinnear,Mark Andrus,James L. Brooks,1998,USA,50,75,60,80,90,,,67,,60,70,80,50,,67,11,313300000
Ocean's Thirteen,PG,Warner Bros. Pictures,Comedy,Brad Pitt,George Clooney,Matt Damon,Brian Koppelman,Steven Soderbergh,2007,USA,50,63,90,30,60,75,40,91,80,80,70,83,75,70,62,15,311144465
Austin Powers: The Spy Who Shagged Me,PG,New Line Cinema,Comedy,Mike Myers,Heather Graham,Michael York,Mike Myers,Jay Roach,1999,USA,70,63,50,50,70,,,75,,50,70,80,40,70,59,12,309600000
Ransom,R,Buena Vista Pictures,Action,Mel Gibson,Rene Russo,Brawley Nolte,Richard Price,Ron Howard,2005,USA,70,75,100,,50,75,,67,,90,90,,75,,60,10,308700000
Runaway Bride,PG,Paramount Pictures,Romance,Julia Roberts,Richard Gere,Joan Cusack,Josann McGibbon,Garry Marshall,2000,USA,10,50,60,30,40,,,58,,80,30,10,50,70,39,12,307900000
Chicago,PG,Miramax Films,Musical,Catherine ZetiJones,Rene Zellweger,Richard Gere,Bill Condon,Rob Marshall,2003,USA / Canada,100,88,90,80,70,100,70,91,,80,100,,70,100,82,13,306400000
Liar Liar,PG,MCA / Universal Pictures,Comedy,Jim Carrey,Maura Tierney,Justin Cooper,Paul Guay,Tom Shadyac,2003,USA,80,75,80,70,70,,,75,80,70,,60,40,,68,11,306300000
Shark Tale,PG,DreamWorks Distribution LLC,Animation,Will Smith,Robert De Niro,Rene Zellweger,Rob Letterman,Bibo Bergeron,2005,USA,30,50,50,40,50,50,40,58,40,60,,40,40,,48,13,306162022
101 Dalmatians,G,Buena Vista Pictures,Adventure,Glenn Close,Jeff Daniels,Joely Richardson,John Hughes,Stephen Herek,1998,USA,20,63,50,,40,,,50,,80,,50,75,,49,9,304200000
Mulan,G,Buena Vista Pictures / Walt Disney Pictures,Adventure,Ming-Na,B.D. Wong,Soon-Tek Oh,Rita Hsiao,Tony Bancroft,2004,USA,70,88,50,60,60,88,,83,80,70,80,60,80,,71,13,303500000
First Blood,R,Orion Pictures Corporation,Action,Sylvester Stallone,Richard Crenna,Brian Dennehy,Michael Kozoll,Ted Kotcheff,1998,USA,,75,,,,,,,80,40,,,75,,62,5,300400000
Chicken Little,G,Buena Vista Pictures,Action,Zach Braff,Garry Marshall,Joan Cusack,Steve Bencich,Mark Dindal,2006,USA,50,63,30,50,50,,20,50,60,50,,50,75,,48,12,298181507
The Pursuit of Happyness,PG,Columbia Pictures / Sony Pictures Entertainment,Drama,Will Smith,Jaden Smith,Thandie Newton,Steve Conrad,Gabriele Muccino,2007,USA,70,,70,70,60,75,40,83,60,60,80,50,63,,64,13,297986036
Stuart Little,PG,Sony Pictures Entertainment,Fantasy,Jonathan Lipnicki,Geena Davis,Hugh Laurie,E.B. White,Rob Minkoff,2000,USA,70,50,70,80,50,,,75,,60,70,,60,,61,10,297600000
Look Who's Talking,PG,Columbia Pictures,Comedy,John Travolta,Kirstie Alley,Olympia Dukakis,Amy Heckerling,Amy Heckerling,1998,USA,50,75,40,,70,25,,,60,20,,,75,,51,9,297100000
Meet The Parents,PG,Universal Pictures,Comedy,Ben Stiller,Robert De Niro,Nicole DeHuff,Greg Glienna,Jay Roach,1969,USA,80,75,70,70,90,80,,83,,90,80,,60,80,73,12,295500000
X-Men,PG,20th Century Fox Film Corp.,Sci-fi,Patrick Stewart,Hugh Jackson,Ian McKellen,Tom DeSanto,Bryan Singer,2000,USA,10,63,50,90,80,,,50,,60,80,,60,90,64,11,294100000
Superman,PG,Warner Bros.,Action,Christopher Reeve,Marlon Brando,Gene Hackman,Jerry Siegel,Richard Donner,2001,USA,80,100,70,,,,,,100,100,,90,60,,88,8,289400000
The Departed,R,Warner Bros. Pictures,Crime,Leonardo DiCaprio,Matt Damon,Jack Nicholson,William Monahan,Martin Scorsese,2007,USA,80,100,80,100,80,100,100,91,80,90,90,100,100,70,86,15,289373442
Shakespeare in Love,R,Miramax Films,Romance,Gwyneth Paltrow,Joseph Fiennes,Geoffrey Rush,Marc Norman,John Madden,1999,USA / UK,90,100,100,70,100,,,100,,90,60,80,70,,87,11,289100000
Austin Powers in Goldmember,PG,New Line Cinema,Comedy,Mike Myers,Beyonce Knowles,Michael York,Mike Myers,Jay Roach,2002,USA,90,50,80,50,50,50,70,75,,60,80,20,50,90,62,14,289000000
Coming to America,R,Paramount Pictures,Comedy,Eddie Murphy,Arsenio Hall,James Earl Jones,Eddie Murphy,John Landis,1999,USA,60,,70,,10,,,,60,10,,,63,,48,7,288800000
My Best Friend's Wedding,PG,Sony Pictures Entertainment,Romance,Julia Roberts,Dermot Mulroney,Cameron Diaz,Ronald Bass,P.J. Hogan,2001,USA,20,75,40,40,70,60,,58,,80,,40,60,,50,11,286900000
Lethal Weapon 4,R,Warner Bros.,Suspense/Thriller,Mel Gibson,Danny Glover,Joe Pesci,Channing Gibson,Richard Donner,2001,USA,0,50,80,70,0,,,50,60,80,,10,20,,37,11,284700000
Speed,R,Twentieth Century Fox Film Corporation,Action,Keanu Reeves,Dennis Hopper,Sandra Bullock,Graham Yost,Jan de Bont,2002,USA,40,100,80,,90,88,,100,80,80,,,88,,78,10,283200000
Wedding Crashers,R,New Line Cinema,Comedy,Owen Wilson,Vince Vaughn,Rachel McAdams,Steve Faber,David Dobkin,2006,USA,60,50,60,60,80,88,80,91,60,60,80,50,50,80,64,15,282718368
The Polar Express,G,Warner Bros.,Animation,Tom Hanks,Leslie Harter Zemeckis,Eddie Deezen,Robert Zemeckis,Robert Zemeckis,2005,USA,90,100,30,50,70,25,30,58,,50,30,50,50,,61,13,277810096
American Pie 2,R,Universal Pictures,Comedy,Jason Biggs,Tara Reid,Chris Klein,Adam Herz,James B. Rogers,2002,USA,20,75,70,40,40,10,10,67,,30,20,,60,,43,12,276400000
What Lies Beneath,PG,DreamWorks,Suspense/Thriller,Harrison Ford,Michelle Pfeiffer,Diana Scarwid,Sarah Kernochan,Robert Zemeckis,2001,USA,40,50,40,30,20,50,,75,,70,70,,50,70,51,12,275500000
Van Helsing,PG,Universal Pictures,Action,Hugh Jackman,Kate Beckinsale,Richard Roxburgh,Stephen Sommers,Stephen Sommers,2004,USA,30,75,50,40,50,25,0,33,40,60,40,10,50,20,36,15,275025245
Spirited Away,PG,Walt Disney Pictures / Buena Vista Pictures,Fantasy,Daveigh Chase,Michael Chiklis,Susan Egan,Hayao Miyazaki,Hayao Miyazaki,2003,Japan,80,100,90,100,100,,100,100,100,100,80,90,100,,94,13,274949886
Jerry Maguire,R,Sony/TriStar,Romance,Tom Cruise,Cuba Gooding Jr.,Rene Zellweger,Cameron Crowe,Cameron Crowe,1997,USA,80,75,90,,90,,,91,,80,,,40,80,77,9,273600000
The Silence of the Lambs,R,Orion Pictures Corporation,Suspense/Thriller,Anthony Hopkins,Jodie Foster,Ted Levine,Thomas Harris,Jonathan Demme,1998,USA,90,88,90,,100,100,,,,100,,,90,,84,8,272700000
The Bourne Supremacy,PG,Universal Pictures,Action,Matt Damon,Franka Potente,Brian Cox,Tony Gilroy,Paul Greengrass,2004,USA,40,75,90,60,90,88,70,100,80,70,90,80,60,90,73,15,272549130
The Nutty Professor,PG,Universal Pictures,Comedy,Eddie Murphy,Jada Pinkett Smith,James Coburn,David Sheffield & Barry W. Blaustein,Tom Shadyac,2005,USA,70,75,60,,80,75,,83,60,,,40,63,,62,10,269300000
Scooby-Doo,PG,Warner Bros.,Family/Kids,Freddie Prinze Jr.,Sarah Michelle Gellar,Matthew Lillard,James Gunn,Raja Gosnell,2002,USA / Australia,10,25,40,20,30,20,,42,,60,70,10,50,,35,12,267600000
XXX,PG,Sony Pictures Entertainment / Columbia Pictures,Suspense/Thriller,Vin Diesel,Samuel L. Jackson,Asia Argento,Rich Wilkes,Rob Cohen,2002,Czech Republic / USA,30,88,50,50,50,50,80,25,,60,70,70,40,,48,13,267200000
Indecent Proposal,R,Paramount Pictures,Drama,Robert Redford,Demi Moore,Woody Harrelson,Amy Holden Jones,Adrian Lyne,2002,USA,20,75,70,,30,50,,50,60,30,,,75,,35,10,266600000
Jumanji,PG,TriStar Pictures,Action,Robin Williams,Jonathan Hyde,Kirsten Dunst,Jonathan Hensleigh,Joe Johnston,2003,USA,30,38,60,,30,,,58,60,50,,,63,,39,9,264600000
The Fifth Element,PG,Columbia Pictures,Sci-fi,Bruce Willis,Gary Oldman,Ian Holm,Luc Besson,Luc Besson,1997,USA,70,75,50,70,80,,,67,,40,10,,50,20,52,11,263600000
Lilo & Stitch,PG,Walt Disney Pictures,Family/Kids,Daveigh Chase,Jason Scott Lee,Tia Carrere,Chris Sanders,Dean Deblois,2002,USA,80,88,80,,80,,90,50,,70,,80,60,,73,10,262700000
The Firm,R,Paramount Pictures,Drama,Tom Cruise,Jeanne Tripplehorn,Gene Hackman,David Rabe,Sydney Pollack,2000,USA,60,75,50,,100,38,,75,60,90,,,75,,58,10,262300000
Bad Boys II,R,Sony Pictures Entertainment / Columbia Pictures,Suspense/Thriller,Martin Lawrence,Will Smith,Gabrielle Union,Ron Shelton,Michael Bay,2003,USA,40,25,50,70,50,0,50,67,,40,30,30,20,,38,13,261900000
Total Recall,R,TriStar Pictures,Suspense/Thriller,Arnold Schwarzenegger,Rachel Ticotin,Sharon Stone,Philip K. Dick,Paul Verhoeven,2001,USA,0,88,50,,80,,,83,80,80,,,40,,57,9,261400000
Borat: Cultural Learnings of America for Make Benefit Glorious Nation of Kazakhstan,R,Twentieth Century-Fox Film Corporation,Comedy,Sacha Baron Cohen,Pamela Anderson,Ken Davitian,Sacha Baron Cohen,Larry Charles,2007,USA,100,,90,80,80,100,90,91,100,90,90,83,75,100,89,14,260405958
Scary Movie,R,Dimension Films,Mystery,Carmen Electra,Shannon Elizabeth,Marlon Wayans,Phil Beauman,Keenen Ivory Wayans,2000,USA,30,75,60,40,80,50,,75,,70,20,,50,,48,11,259900000
Charlie's Angels,PG,Columbia Pictures,Comedy,Cameron Diaz,Drew Barrymore,Lucy Liu,Ivan Goff,McG (Joseph McGinty Nichol),2001,USA,30,12,50,30,50,80,,75,,60,70,,40,80,52,12,258500000
The Full Monty,R,20th Century Fox,Comedy,Robert Carlyle,Mark Addy,William Snape,Simon Beaufoy,Peter Cattaneo,1999,UK,70,75,80,70,80,,,75,,90,90,80,50,70,75,12,256900000
Erin Brockovich,R,Universal Pictures,Drama,Julia Roberts,Albert Finney,Aaron Eckhart,Susannah Grant,Steven Soderbergh,2000,USA,70,50,60,80,90,80,,83,,80,90,,50,80,73,12,256500000
Waterworld,PG,MCA / Universal Pictures,Sci-fi,Kevin Costner,Chaim Girafi,Jeanne Tripplehorn,Peter Rader,Kevin Reynolds,1997,USA,50,63,50,,40,,,75,,60,,,50,,56,8,255200000
Cliffhanger,R,TriStar Pictures,Action,Sylvester Stallone,John Lithgow,Michael Rooker,Michael France,Renny Harlin,2000,USA,30,75,80,,40,,,67,80,90,,,75,,60,9,255000000
Bridget Jones's Diary,R,Miramax Films,Romance,Rene Zellweger,Colin Firth,Hugh Grant,Richard Curtis,Sharon Maguire,2001,UK / USA,40,88,90,80,80,90,30,75,,60,80,,50,70,66,13,254400000
Charlie's Angels: Full Throttle,PG,Sony Pictures Entertainment,Action,Cameron Diaz,Drew Barrymore,Lucy Liu,John August,McG,2003,USA,30,63,50,40,60,25,60,83,,90,50,50,50,60,48,14,252500000
Lara Croft: Tomb Raider,PG,Paramount Pictures,Mystery,Angelina Jolie,Daniel Craig,Leslie Phillips,Patrick Massett,Simon West,2001,UK / USA,10,75,30,50,20,30,20,50,,30,30,,50,70,33,13,251600000
You've Got Mail,PG,Warner Bros.,Romance,Tom Hanks,Meg Ryan,Greg Kinnear,Nora Ephron,Nora Ephron,1999,USA,30,75,80,,,,,75,,90,40,0,40,70,57,10,250700000
The Truman Show,PG,Paramount Pictures,Fantasy,Jim Carrey,Laura Linney,Noah Emmerich,Andrew Niccol,Peter Weir,1999,USA,100,100,80,80,100,,,100,,100,,70,70,80,90,11,249200000
Babe,G,Universal Pictures,Family/Kids,Christine Cavanaugh,James Cromwell,Magda Szubanski,Chris Noonan,Chris Noonan,1999,Australia / USA,80,75,80,,90,,,100,,80,,,70,,83,8,249000000
Unbreakable,PG,Buena Vista Pictures,Suspense/Thriller,Bruce Willis,Samuel L. Jackson,Robin Wright Penn,M. Night Shyamalan,M. Night Shyamalan,2001,USA,80,75,80,60,50,80,,83,,70,50,,40,,62,11,248900000
Robots,PG,Twentieth Century Fox Film Corp.,Animation,Ewan McGregor,Halle Berry,Greg Kinnear,Lowell Ganz,Chris Wedge,2005,USA,50,88,40,50,70,,30,83,,80,,70,60,50,64,12,245600000
Eragon,PG,Fox 2000 Pictures,Action,Edward Speleers,Sienna Guillory,Garrett Hedlund,Peter Buchman,Stefen Fangmeier,2007,USA,40,,40,30,40,,50,42,20,40,,42,63,,38,11,245230163
Rush Hour,PG,New Line Cinema,Comedy,Jackie Chan,Chris Tucker,Tom Wilkinson,Ross LaManna,Brett Ratner,2001,USA,50,75,60,60,80,,,42,,70,60,,50,80,60,11,245200000
Enemy of the State,R,Buena Vista Pictures,Suspense/Thriller,Will Smith,Gene Hackman,Jon Voight,David Marconi,Tony Scott,2002,USA,60,75,80,70,80,80,,75,,70,,,60,,67,10,245100000
The Godfather,R,Paramount Pictures,Drama,Marlon Brando,Al Pacino,John Cazale,Mario Puzo,Francis Ford Coppola,2001,USA,100,100,100,100,100,,,,,80,,,100,,100,8,244900000
Four Weddings and a Funeral,R,PolyGram Filmed Entertainment,Romance,Hugh Grant,James Fleet,Simon Callow,Richard Curtis,Mike Newell,1999,UK,70,88,90,,90,,,91,,90,,,70,,81,8,244100000
Wild Hogs,PG,Touchstone Pictures,Adventure,Tim Allen,John Travolta,Martin Lawrence,Brad Copeland,Walt Becker,2007,USA,40,,40,,30,50,0,42,40,50,,25,25,,27,11,243213584
8 Mile,R,Universal Pictures,Musical,Eminem,Kim Basinger,Brittany Murphy,Scott Silver,Curtis Hanson,2003,USA,70,75,70,90,90,,100,91,,90,80,90,50,80,77,13,242300000
Face/Off,R,Paramount Pictures,Action,John Travolta,Nicolas Cage,Joan Allen,Mike Werb,John Woo,2002,USA,90,75,90,50,80,100,,100,100,70,80,,70,90,82,13,241600000
The Blair Witch Project,R,Artisan Entertainment,Suspense/Thriller,Heather Donahue,Michael C. Williams,Joshua Leonard,Daniel Myrick,Daniel Myrick,2000,USA,70,100,90,80,60,,,75,,90,80,80,80,80,81,12,240500000
Love Actually,R,Universal Pictures,Comedy,Hugh Grant,Alan Rickman,Emma Thompson,Richard Curtis,Richard Curtis,2004,UK,40,88,20,70,60,50,20,75,60,80,50,70,70,60,55,15,239200000
Batman & Robin,PG,Warner Bros.,Action,George Clooney,Chris O'Donnell,Arnold Schwarzenegger,Akiva Goldsman,Joel Schumacher,1997,USA,10,50,70,40,20,,,58,,50,60,10,40,30,28,12,237200000
Saturday Night Fever,R,Paramount Pictures,Musical,John Travolta,Karen Lynn Gorney,Barry Miller,Norman Wexler,John Badham,2002,USA,,88,70,,,,,83,,30,,,80,,77,6,237113184
Dead Poets Society,PG,Touchstone/Buena Vista Pictures,Drama,Robin Williams,Robert Sean Leonard,Ethan Hawke,Tom Schulman,Peter Weir,1998,USA,80,50,,,80,,,,,90,,,50,,79,6,235900000
2 Fast 2 Furious,PG,Universal Pictures,Suspense/Thriller,Paul Walker,Tyrese,Cole Hauser,Michael Brandt,John Singleton,2003,USA,20,75,20,60,30,,10,58,,60,10,50,40,30,38,13,234400000
Eraser,R,Warner Bros.,Action,Arnold Schwarzenegger,James Caan,Vanessa L. Williams,Tony Puryear,Chuck Russell,1997,USA,70,75,50,,40,,,75,,50,,,38,,56,8,234400000
Big Daddy,PG,Columbia Pictures / Sony Pictures Entertainment,Comedy,Adam Sandler,Joey Lauren Adams,Jon Stewart,Steve Franks,Dennis Dugan,2001,USA,20,38,40,50,40,,,67,,70,60,80,40,,41,11,233500000
The Mask of Zorro,PG,Sony Pictures Entertainment,Adventure,Antonio Banderas,Jose Maria de Tavira,Anthony Hopkins,John Eskow,Martin Campbell,2001,USA,,75,80,70,80,50,,75,,80,,70,70,,63,10,233400000
Bean,PG,Gramercy Pictures,Comedy,Rowan Atkinson,Peter MacNicol,John Mills,Richard Curtis,Mel Smith,2005,UK / USA,70,63,80,40,70,,,75,,60,60,40,30,,52,11,232000000
The English Patient,R,Miramax Films,Romance,Ralph Fiennes,Juliette Binoche,Willem Dafoe,Anthony Minghella,Anthony Minghella,1998,USA,100,100,100,80,100,,,75,,80,100,100,60,90,87,12,231700000
American Wedding,R,Universal Pictures,Romance,Jason Biggs,Seann William Scott,Alyson Hannigan,Adam Herz,Jesse Dylan,2004,USA,80,75,10,80,30,25,10,16,,80,10,70,60,,43,13,230700000
Gone in Sixty Seconds,PG,Buena Vista Pictures,Crime,Nicolas Cage,Angelina Jolie,Giovanni Ribisi,Scott Rosenberg,Dominic Sena,2000,USA,30,50,50,30,30,40,,25,,20,40,,40,,35,11,230500000
The Ring,PG,DreamWorks Distribution LLC,Suspense/Thriller,Naomi Watts,Martin Henderson,David Dorfman,Ehren Kruger,Gore Verbinski,2003,USA / Japan,50,50,40,60,50,80,30,75,,50,70,80,70,60,57,14,230100000
Constantine,R,Warner Bros.,Action,Keanu Reeves,Rachel Weisz,Shia LaBeouf,Kevin Brodbin,Francis Lawrence,2005,USA,40,38,40,70,70,63,30,58,60,50,80,40,50,30,50,15,229500000
Bridget Jones: The Edge of Reason,R,Universal Pictures,Comedy,Rene Zellweger,Colin Firth,Hugh Grant,Andrew Davies,Beeban Kidron,2005,UK,30,75,20,80,70,25,50,67,40,60,30,30,40,,44,14,228203020
Sleepless in Seattle,PG,TriStar Pictures,Comedy,Tom Hanks,Meg Ryan,Bill Pullman,Nora Ephron,Nora Ephron,2003,USA,90,75,100,,80,100,,50,,70,,,75,,71,9,227900000
Something's Gotta Give,PG,Sony Pictures Entertainment,Comedy,Jack Nicholson,Diane Keaton,Amanda Peet,Nancy Meyers,Nancy Meyers,2004,USA,70,88,80,50,70,75,80,83,60,70,50,70,50,70,66,15,227500000
Lethal Weapon 2,R,Warner Bros. Pictures,Action,Mel Gibson,Danny Glover,Joe Pesci,Shane Black,Richard Donner,1997,USA,80,88,80,,70,,,,80,80,,,75,,70,8,227300000
Brother Bear,G,Buena Vista Pictures / Walt Disney Pictures,Adventure,Joaquin Phoenix,Jeremy Suarez,Jason Raize,Steve Bencich,Aaron Blaise,2004,USA,,75,50,30,60,,,50,60,60,,40,40,,48,10,226029248
Good Will Hunting,R,Miramax Films,Drama,Robin Williams,Matt Damon,Ben Affleck,Matt Damon,Gus Van Sant,1999,USA,90,75,90,,70,,,75,,80,70,40,40,,70,10,225800000
Con Air,R,Buena Vista Pictures,Action,Nicolas Cage,John Malkovich,John Cusack,Scott Rosenberg,Simon West,1998,USA,80,75,70,60,70,38,,50,80,70,60,,50,20,52,13,223100000
Mr. Bean's Holiday,PG,Universal Pictures,Comedy,Rowan Atkinson,Steve Pemberton,Preston Nyman,Rowan Atkinson,Steve Bendelack,2007,UK,70,,70,70,50,,,75,,70,70,58,25,,56,10,221953210
Fahrenheit 9/11,No,Lions Gate Films / IFC Films / Fellowship Adventure Group,Documentary,Michael Moore,George W. Bush,,Michael Moore,Michael Moore,2004,USA,70,88,70,60,80,88,60,83,80,40,30,70,60,50,67,15,220078393
Ghost Rider,PG,Sony Pictures Releasing,Action,Nicolas Cage,Eva Mendes,Peter Fonda,Mark Steven Johnson,Mark Steven Johnson,2007,USA,,,30,50,50,25,,42,60,20,,33,38,,35,10,219702596
Elf,PG,New Line Cinema,Comedy,Will Ferrell,James Caan,Mary Steenburgen,David Berenbaum,Jon Favreau,2004,USA,30,75,70,70,80,50,,83,60,70,80,60,70,70,64,14,219700000
Knocked Up,R,Universal Pictures,Comedy,Seth Rogen,Katherine Heigl,Paul Rudd,Judd Apatow,Judd Apatow,2007,USA,90,,100,80,70,88,90,100,80,100,80,100,75,80,85,14,218734225
The Prince of Egypt,PG,DreamWorks Distribution LLC,Animation,Val Kilmer,Ralph Fiennes,Michelle Pfeiffer,Philip LaZebnik,Brenda Chapman,2003,USA,60,88,70,50,70,,,75,100,90,30,70,70,80,64,13,218400000
Flightplan,PG,Buena Vista Pictures,Drama,Jodie Foster,Peter Sarsgaard,Sean Bean,Peter A. Dowling,Robert Schwentke,2006,USA,70,88,50,60,50,,,58,60,50,40,50,63,70,53,13,218306988
Wild Wild West,PG,Warner Bros.,Western,Will Smith,Kevin Kline,Kenneth Branagh,S.S. Wilson,Barry Sonnenfeld,1999,USA,20,25,50,60,60,,,33,,50,70,,50,,38,10,217700000
Twins,PG,Universal Pictures,Comedy,Arnold Schwarzenegger,Danny DeVito,Kelly Preston,William Davies,Ivan Reitman,1998,USA,50,75,30,,70,,50,,40,,,,50,,53,8,216600000
Ghostbusters II,PG,Columbia Pictures,Action,Bill Murray,Dan Aykroyd,Harold Ramis,Dan Aykroyd,Ivan Reitman,2005,USA,70,50,80,,70,,,,60,80,,,38,,56,8,215400000
The Patriot,R,Sony Pictures Entertainment,War,Mel Gibson,Heath Ledger,Joely Richardson,Robert Rodat,Roland Emmerich,2000,USA,70,75,60,60,50,90,,67,,70,90,,50,70,63,12,215300000
The Bourne Identity,PG,MCA/Universal Pictures,Suspense/Thriller,Matt Damon,Franka Potente,Clive Owen,Tony Gilroy,Doug Liman,2003,Czech Republic / USA,60,75,80,70,80,70,80,58,,90,80,60,60,80,68,14,213500000
Crouching Tiger Hidden Dragon,PG,Sony Pictures Classics,Fantasy,Chow Yun-Fat,Michelle Yeoh,Zhang Ziyi,Hui-Ling Wang,Ang Lee,2001,China / Taiwan / USA,90,100,90,90,90,100,,100,,90,80,,80,90,93,12,213200000
Pulp Fiction,R,Miramax Films,Suspense/Thriller,John Travolta,Samuel L. Jackson,Uma Thurman,Quentin Tarantino,Quentin Tarantino,1998,USA,70,100,100,,60,100,100,100,100,100,,,80,,94,11,212900000
Vertical Limit,PG,Columbia Pictures,Adventure,Chris O'Donnell,Bill Paxton,Robin Tunney,Robert King,Martin Campbell,2001,USA,20,75,30,40,70,80,,67,,60,40,,50,,48,11,212300000
Ace Ventura: When Nature Calls,PG,Warner Bros.,Action,Jim Carrey,Ian McNeice,Simon Callow,Steve Oedekerk,Steve Oedekerk,1997,USA,20,,30,,50,,,50,60,70,,,75,,45,8,212300000
Disclosure,R,Warner Bros.,Drama,Michael Douglas,Demi Moore,Donald Sutherland,Michael Crichton,Barry Levinson,1997,USA,50,50,40,,40,,30,83,80,70,,,75,,58,10,212000000
Entrapment,PG,20th Century Fox Film Corporation,Suspense/Thriller,Sean Connery,Catherine ZetiJones,Ving Rhames,Ronald Bass,Jon Amiel,2000,USA / UK / Germany,60,75,80,40,60,,,58,40,70,60,60,70,60,54,13,211700000
Master and Commander: The Far Side of the World,PG,20th Century Fox Film Corporation,Action,Russell Crowe,Paul Bettany,James D'Arcy,Peter Weir,Peter Weir,2004,USA,40,100,100,50,90,88,100,91,60,100,100,90,60,90,81,15,210326386
The Others,PG,Dimension Films,Suspense/Thriller,Nicole Kidman,Christopher Eccleston,Fionnula Flanagan,Alejandro AmenA!bar,Alejandro AmenA!bar,2002,France / Spain / USA,80,63,70,60,90,90,80,75,,90,90,,40,80,74,13,209700000
End of Days,R,Universal Pictures,Suspense/Thriller,Arnold Shwarzenneger,Gabriel Byrne,Robin Tunney,Andrew W. Marlowe,Peter Hyams,2000,USA,30,50,30,30,40,,,58,,60,60,,40,,33,10,209300000
Red Dragon,R,MCA/Universal Pictures,Suspense/Thriller,Anthony Hopkins,Edward Norton,Ralph Fiennes,Ted Tally,Brett Ratner,2003,USA,60,88,60,70,60,50,40,67,,90,50,40,60,50,60,14,208600000
Kingdom of Heaven,R,20th Century Fox Pictures,Action,Orlando Bloom,Eva Green,Brendan Gleeson,William Monahan,Ridley Scott,2005,USA / Spain / UK,30,88,50,80,80,75,40,67,60,80,40,70,50,50,63,15,208300000
Collateral,R,DreamWorks Distribution LLC,Action,Tom Cruise,Jamie Foxx,Jada Pinkett Smith,Stuart Beattie,Michael Mann,2004,USA,80,88,80,70,90,88,90,83,80,80,60,70,60,50,71,15,208003492
Clear and Present Danger,PG,Paramount Pictures,Action,Harrison Ford,Willem Dafoe,Anne Archer,Tom Clancy,Phillip Noyce,2002,USA,60,,80,,,,,58,60,80,,,70,,74,7,207500000
Million Dollar Baby,PG,Warner Bros.,Drama,Clint Eastwood,Hilary Swank,Morgan Freeman,Paul Haggis,Clint Eastwood,2005,USA,90,100,100,,100,88,70,91,80,100,20,80,70,20,86,14,207400000
Miss Congeniality,PG,Warner Bros.,Comedy,Sandra Bullock,Benjamin Bratt,Michael Caine,Marc Lawrence,Donald Petrie,2001,USA,20,50,40,,70,20,,,,40,,,50,,43,8,207000000
JFK,R,Warner Bros. Pictures,Drama,Kevin Costner,Tommy Lee Jones,Kevin Bacon,Oliver Stone,Oliver Stone,1997,USA,80,100,60,,80,63,80,91,80,80,,,88,,71,11,205400000
Traffic,R,USA Films,Drama,Michael Douglas,Don Cheadle,Benicio Del Toro,Simon Moore,Steven Soderbergh,2001,Germany / USA,90,100,90,90,70,,,100,,100,100,,70,50,86,11,204800000
Braveheart,R,Paramount Pictures,War,Mel Gibson,Sophie Marceau,Patrick McGoohan,Randall Wallace,Mel Gibson,2000,USA,20,88,100,,60,,,67,,80,,,60,,66,8,204000000
The Break-Up,PG,Universal Pictures,Comedy,Jennifer Aniston,Vince Vaughn,Jon Favreau,Jeremy Garelick,Peyton Reed,2006,USA,40,50,50,40,50,63,20,50,60,50,40,33,50,50,45,15,202483135
Sleepy Hollow,R,Paramount Pictures,Romance,Johnny Depp,Christina Ricci,Casper Van Dien,Washington Irving,Tim Burton,2000,USA,60,88,60,70,70,90,,67,,80,70,,70,60,65,12,202000000
Kindergarten Cop,PG,Universal Pictures,Action,Arnold Schwarzenegger,Penelope Ann Miller,Pamela Reed,Murray Salem,Ivan Reitman,1998,USA,80,75,50,,30,,,50,60,40,,,75,,61,9,202000000
American Pie,R,Universal Pictures,Comedy,Jason Biggs,Eugene Levy,Chris Klein,Adam Herz,Paul Weitz,1999,USA,,75,40,60,80,,,75,,60,50,,70,,58,9,201700000
Philadelphia,PG,TriStar Pictures,Drama,Tom Hanks,Denzel Washington,Antonio Banderas,Ron Nyswaner,Jonathan Demme,2004,USA,10,88,70,,60,,60,67,60,80,,,75,,66,10,201300000
Vanilla Sky,R,Paramount Pictures,Suspense/Thriller,Tom Cruise,Penelope Cruz,Kurt Russell,Cameron Crowe,Cameron Crowe,2002,USA,10,75,80,50,50,70,30,33,,70,20,,40,30,45,13,201000000
Brokeback Mountain,R,Focus Features,Drama,Jake Gyllenhaal,Heath Ledger,Michelle Williams,Larry McMurtry,Ang Lee,2006,USA,70,100,100,90,100,100,100,100,100,80,50,80,88,60,87,15,180343761
Mr. Deeds,PG,Columbia Pictures / Sony Pictures Entertainment,Romance,Adam Sandler,Winona Ryder,John Turturro,Tim Herlihy,Steven Brill,2002,USA,10,38,20,20,10,10,20,50,,20,40,50,30,10,24,14,171269535
Alien vs. Predator,PG,Twentieth Century Fox Film Corporation,Action,Sanaa Lathan,Raoul Bova,Lance Henriksen,Paul W.S. Anderson,Paul W.S. Anderson,2005,Czech Republic / Canada,,,50,40,50,,,,40,40,,40,40,30,29,9,171181096
Mystic River,R,Warner Bros.,Drama,Sean Penn,Tim Robbins,Kevin Bacon,Brian Helgeland,Clint Eastwood,2004,USA,90,100,100,70,100,100,40,100,80,90,90,90,70,80,84,15,156835191
Kill Bill: Volume 2,R,Miramax Films,Action,Uma Thurman,David Carradine,Sonny Chiba,Quentin Tarantino,Quentin Tarantino,2004,USA,30,100,100,90,100,100,100,100,60,100,80,100,80,80,83,15,150907920
L.A. Confidential,R,Warner Bros.,Mystery,Kevin Spacey,Russell Crowe,Guy Pearce,James Ellroy,Curtis Hanson,1998,USA,80,100,100,,100,,,100,,100,70,100,60,80,90,11,126216940
Mortal Kombat,PG,New Line Cinema,Action,Christopher Lambert,Robin Shou,Linden Ashby,Kevin Droney,Paul W.S. Anderson,1997,USA,60,,70,,90,,,58,60,70,,,63,,58,8,122133227
Beverly Hills Cop III,R,Paramount Pictures,Adventure,Eddie Murphy,Judge Reinhold,Bronson Pinchot,Danilo Bach,John Landis,2002,USA,10,,10,,10,12,,33,40,,,,50,,15,8,119180938
The Queen,PG,Miramax Films,Drama,Helen Mirren,Michael Sheen,James Cromwell,Peter Morgan,Stephen Frears,2007,UK / France / Italy,80,100,100,100,90,88,90,91,80,90,90,91,88,90,91,15,113559950
Sideways,R,Fox Searchlight Pictures,Adventure,Paul Giamatti,Thomas Haden Church,Virginia Madsen,Alexander Payne,Alexander Payne,2005,USA,100,100,90,90,100,100,100,100,100,90,60,90,80,90,94,15,109502303
Superman II,PG,Warner Bros. Pictures,Action,Gene Hackman,Christopher Reeve,Ned Beatty,Mario Puzo,Richard Lester,2001,UK,,100,100,,,,,100,,90,,,88,,99,6,108185706
Lost in Translation,R,Focus Features,Comedy,Scarlett Johansson,Bill Murray,Giovanni Ribisi,Sofia Coppola,Sofia Coppola,2004,USA,80,100,100,100,100,88,100,100,100,80,100,90,60,90,89,15,106454000
The Iron Giant,PG,Warner Brothers,Sci-fi,Jennifer Aniston,Vin Diesel,Harry Connick,Brad Bird,Brad Bird,1999,USA,80,88,80,100,90,,,91,,,90,,80,,85,9,103159305
Unforgiven,R,Warner Bros.,Western,Clint Eastwood,Gene Hackman,Morgan Freeman,David Webb Peoples,Clint Eastwood,1997,USA,40,,80,,100,90,100,75,80,100,,,90,,82,10,101157447
Wallace & Gromit: The Curse of the Were-Rabbit,G,DreamWorks Distribution LLC,Adventure,Peter Sallis,Ralph Fiennes,Helena Bonham Carter,Bob Baker,Steve Box,2006,UK,90,88,90,80,90,75,80,100,100,80,90,80,63,100,87,15,93363420
Shanghai Noon,PG,Buena Vista Pictures,Western,Jackie Chan,Owen Wilson,Rafael Baez,Miles Millar,Tom Dey,2000,USA,90,75,90,70,90,90,,50,,90,80,,40,,77,11,71189835
Lawrence of Arabia ,PG,Columbia Pictures,War,Peter O'Toole,Alec Guinness,Anthony Quinn,Robert Bolt,David Lean,2001,UK,,100,,,,,,,,,,,100,,100,3,69995385
Children of Men,R,Universal Pictures,Adventure,Clive Owen,Julianne Moore,Michael Caine,Alfonso Cuaron,Alfonso Cuaron,2007,UK / USA,100,100,100,90,100,88,50,100,80,80,80,100,75,100,84,15,69450202
The French Connection,R,Two Boots Pioneer Theater,Suspense/Thriller,Gene Hackman,Fernando Rey,Roy Scheider,Ernest Tidyman,William Friedkin,2001,USA,,,90,,,,,,,90,,,90,,96,4,51700000
Mortal Kombat: Annihilation,PG,New Line Cinema,Action,Robin Shou,James Remar,Talisa Soto,Brent V. Friedman & Bryce Zabel,John R. Leonetti,2004,USA,,,10,0,10,,,16,20,30,,,20,,11,8,51327406
Yu-Gi-Oh!,PG,Warner Bros. Pictures Inc.,Action,Dan Green,Eric Stuart,Scottie Ray,,RyA'suke Takahashi,2004,Japan,20,,10,20,40,,,42,20,30,,10,,,15,9,28762690
Bratz: The Movie,No,Lionsgate,Comedy,Anneliese van der Pol,Stephen Lunsford,Paula Abdul,Adam De La Pena,Sean McNamara,2007,USA,40,,30,,30,,,42,,40,,42,63,,21,8,25747223
Showgirls,NC,MGM,Drama,Elizabeth Berkley,Kyle MacLachlan,Gina Gershon,Joe Eszterhas,Paul Verhoeven,2000,USA,20,50,0,,0,,,58,,0,,,30,,16,8,20254932
Daddy Day Camp,PG,Sony Pictures,Comedy,Cuba Gooding Jr.,Paul Rae,Josh McLerran,Joel Cohen,Fred Savage,2008,USA,30,,30,10,,,,25,,30,,0,38,,13,8,18197398
The Postman,R,Warner Bros.,Action,Kevin Costner,Will Patton,Larenz Tate,Eric Roth,Kevin Costner,2004,USA,20,38,10,30,30,,,25,,60,,,40,,29,9,17650704
American Splendor,R,Fine Line Features,Drama,Paul Giamatti,Hope Davis,Harvey Pekar,Shari Springer Berman,Shari Springer Berman,2004,USA,90,100,80,90,80,88,100,100,80,90,90,80,60,80,90,15,7978681
The Adventures of Pluto Nash,PG,Warner Bros.,Sci-fi,Eddie Murphy,Randy Quaid,Rosario Dawson,Neil Cuthbert,Ron Underwood,2002,USA,,,10,10,20,,,,,20,,10,30,,12,7,7094995
Fanny and Alexander ,No,Janus Films,Classic,Pernilla Allwin,Bertil Guve,Ewa Froling,Ingmar Bergman,Ingmar Bergman,2004,Sweden / France / West Germany,,100,,,,,,,,100,,,90,,100,4,4971340
